Race,Year,Date,Finishers,Latitude,Longitude,MEAN_PM25,MEDIAN_PM25,MAX_PM25,MIN_PM25,RH2M,T2M,T2M_MIN,T2M_MAX,T2MDEW,T2MWET,WS2M,WS2M_MIN,WS2M_MAX,ALLSKY_SFC_UV_INDEX,CLOUD_AMT_DAY,PRECTOTCORR
NYC Marathon,2023,11/5/23,51295,40.7128,-74.006,16.1875,16.35,18.8,12.6,80.72,12.56,9.38,16.43,9.18,10.87,2.48,1.01,5.33,0.43,39.28,0.15
Chicago Marathon,2023,10/8/23,48574,41.8781,-87.6298,3.2875,2.55,6.3,1.3,66.92,11.39,10.11,12.86,5.39,8.39,3.96,2.52,5.68,0.71,96.38,0.51
Boston Marathon,2023,4/17/23,26600,42.3601,-71.0589,5.90625,6.1,8.1,3.1,93.29,11.34,7.83,15.15,10.28,10.81,0.45,0.31,0.61,0.59,98.84,2.11
LA Marathon,2023,3/19/23,16973,34.0522,-118.2437,6.05,5.15,11.5,2.2,83.96,12.52,10.84,15.93,9.62,11.07,2.38,0.21,4.48,0.95,92.9,4.24
Honolulu Marathon,2023,12/10/23,15044,21.3069,-157.8583,4.55,4.55,4.6,4.5,81.23,25.39,23.66,27.45,21.89,23.64,4.31,3.47,4.85,1.34,44.49,0.31
Marine Corps Marathon,2023,10/29/23,13662,38.8893,-77.0502,11.575,12.25,13.9,8,81.68,20.27,16.24,26.72,16.74,18.51,1.46,0.39,2.68,0.71,71.49,0.19
Disney World Marathon,2023,1/8/23,12690,28.3852,-81.5639,NA,NA,NA,NA,81.5,16.05,8.54,24.26,12.97,14.51,1.55,0.56,2.89,0.79,18.49,0
Philadelphia Marathon,2023,11/19/23,11412,39.9526,-75.1652,9.24,8.95,13.9,5.7,71.02,5.53,-0.25,13.51,0.05,2.79,1.49,0.89,2.87,0.41,0.99,0
California International Marathon,2023,12/3/23,9183,38.5816,-121.4944,6.494444444,6.6,9.6,2.5,85.89,12.76,9.42,17.75,10.25,11.51,1.17,0.59,1.92,0.29,95.25,1.14
Grandma's Marathon,2023,6/17/23,7182,46.7833,-92.1066,11.16,12.9,15.3,2.6,75.7,16.83,11.66,22.59,12.22,14.53,1.19,0.12,2.06,1.68,85.09,0
Houston Marathon,2023,1/15/23,6105,29.7604,-95.3698,5.928571429,5.3,9.7,3.9,86.9,15.62,8.13,21.79,13.66,14.64,2.72,1.37,4.42,0.56,83.21,0
The San Francisco Marathon,2023,7/23/23,4883,37.7749,-122.4194,9.92,10,12.1,7.2,74.07,17.47,13.53,22.64,12.49,14.98,3.01,2.26,3.79,2.69,55.81,0
Cincinnati Flying Pig Marathon,2023,5/7/23,4489,39.1031,-84.512,7.79375,7.9,10.5,5.1,95.8,19.4,16.41,22.66,18.74,19.07,0.28,0.14,0.5,1.51,97.07,21.4
Indianapolis Monumental Marathon,2023,10/28/23,4214,39.7684,-86.1581,9.122222222,9.25,15.2,4.4,74.18,11.23,8.58,13.92,6.62,8.92,2.71,1.36,3.9,0.53,93.18,10.59
Richmond Marathon,2023,11/11/23,4083,37.5407,-77.436,8.25,8.25,8.6,7.9,75.5,8.33,3.36,16.94,3.25,5.79,0.59,0.38,1.02,0.59,59.01,0
St. George Marathon,2023,10/7/23,3815,37.0965,-113.5684,4.116666667,3.7,6.2,2.9,29,22.77,14.31,31.88,2.6,12.69,2.1,0.48,4.23,1.6,0.64,0
Big Sur International Marathon,2023,4/30/23,3633,36.3715,-121.9018,6.23,6.1,10.9,2,88.95,11.06,9.14,13.22,9.25,10.15,3.9,2.36,5.48,1.91,38.38,0.1
Dallas Marathon,2023,12/10/23,3377,32.7767,-96.797,4.266666667,4.75,5.3,1.4,49.77,5.24,-0.54,11.56,-5.11,0.07,2.78,0.7,4.39,0.61,6.09,0
Austin Marathon,2023,2/19/23,3192,30.2672,-97.7431,7.35,7.05,11.4,4.2,72.65,13.89,6.77,23.65,8.29,11.09,2.46,1.67,4.05,1.27,93.79,0
Detroit International Marathon,2023,10/15/23,3080,42.3314,-83.0458,3.352941176,3.4,4.9,2.3,80.88,9.35,7.21,12.69,5.96,7.65,4.55,3.47,5.85,0.55,82.29,2.06
Columbus Marathon,2023,10/15/23,3006,39.9612,-82.9988,2.777272727,2.8,4.8,1.7,75.24,9.89,6.87,15.16,5.12,7.5,3.58,2.09,4.61,0.7,92.56,0.94
Pittsburgh Marathon,2023,5/7/23,3000,40.4406,-79.9959,8.513043478,7.9,16.7,6.1,86.63,15.5,9.89,19.05,13.22,14.36,0.2,0.08,0.78,0.67,98.48,3.36
Miami Marathon,2023,1/29/23,2744,25.7617,-80.1918,6.05,6.05,6.5,5.6,79.97,24.45,23.5,25.23,20.78,22.61,5.6,4.55,6.65,1.19,34.07,0.13
Bataan Memorial Death March,2023,3/19/23,2615,32.3823,-106.4886,6.0625,4.85,13.5,-0.5,47.09,5.98,-2.22,12.82,-5.33,0.33,2.89,1.19,5.41,1.56,69.32,0.05
Long Beach Marathon,2023,10/15/23,2516,33.7701,-118.1937,7.6,4.85,16.8,2.3,34.46,23.69,17.08,31.94,4.73,14.21,1.53,0.87,2.38,1.5,5.87,0
RnR Nashville Marathon,2023,4/22/23,2328,36.1627,-86.7816,4.666666667,4.55,6.2,2.8,72.71,11.81,5.24,18.8,6.27,9.04,1.79,0.07,3.51,1.92,39.87,0.09
Portland Oregon Marathon,2023,10/1/23,2255,45.5152,-122.6784,8.371428571,8.3,11.7,5.7,74.49,12.13,6.45,20.36,6.65,9.39,0.59,0.24,1.19,0.91,7.06,0.01
OC Marathon,2023,5/7/23,2061,33.6411,-117.9187,7.114285714,6.6,11.4,0,85.27,15.01,13.51,16.89,12.52,13.76,3.02,1.77,4.52,2.43,10.64,0.01
Eugene Marathon,2023,4/30/23,2038,44.0521,-123.0868,1.883333333,1.35,5.9,0,83.02,10.13,6.98,14.78,7.13,8.63,0.09,0.01,0.32,1.19,89.17,0.13
Jersey City Marathon,2023,4/23/23,1934,40.7178,-74.0431,4.275,4.1,6.2,2.7,83.26,13.43,10.25,16.21,10.44,11.93,4.43,1.57,8.64,1.47,69.17,40.94
Phoenix Marathon,2023,2/4/23,1926,33.4484,-112.074,10.59375,8.95,21.8,3.7,38.41,14.41,6.77,23.53,-0.78,6.82,1.76,0.7,3.04,0.89,12.29,0
Memphis Marathon,2023,12/2/23,1921,35.1495,-90.049,11.89014085,11,17.1,3.8,86.36,10.58,6.73,17.16,8.18,9.38,1.9,0.81,3.29,0.48,97.2,2.64
REVEL Big Bear and Half Marathon,2023,11/18/23,1837,34.2439,-116.9114,5.628571429,6.6,10.3,0.9,85.28,11.82,8.05,17.08,9.23,10.53,2.07,0.72,3.94,0.89,8.72,0.35
Oklahoma City Memorial Marathon,2023,4/30/23,1814,35.4676,-97.5164,5.585714286,6.1,6.8,3.4,52.41,14,7.56,20.23,3.67,8.83,3,1.44,5.53,1.74,50.02,0
Seattle Marathon,2023,11/26/23,1748,47.6062,-122.3321,13.2,13.7,18.4,2.2,90.46,3.46,-0.17,9.75,1.91,2.69,0.56,0.27,1.1,0.18,32.69,0
Shamrock Sportsfest Marathon,2023,3/19/23,1689,36.8529,-75.978,NA,NA,NA,NA,59.23,5.03,3.25,7.46,-2.5,1.26,4.56,3.03,6.58,1.41,30.39,0
Wineglass Marathon,2023,10/1/23,1647,42.1429,-77.0547,21.68571429,17.8,40.5,5.6,77.69,16.28,8.97,24.99,11.76,14.02,0.05,0,0.42,1.3,5.1,0
Cox Sports Providence Marathon,2023,5/7/23,1638,41.824,-71.4128,3.066666667,3,4.3,2,71.06,15.65,8.78,22.6,9.84,12.75,0.33,0.17,0.54,1.65,30.73,0.83
Madison Marathon,2023,11/12/23,1627,43.0731,-89.4012,7.184615385,7,12.7,3.9,68.52,6.41,1.56,13.15,0.55,3.48,5,2.62,7.07,0.3,62.06,0
Colfax Marathon,2023,5/21/23,1600,39.7392,-104.9903,13.84210526,15.1,18.4,6.3,50.26,13.7,8.28,17.98,2.73,8.21,1.8,0.14,3.84,2.4,37.66,0.02
Big Cottonwood Marathon,2023,9/9/23,1572,40.5825,-111.7409,8.446428571,8.35,17.4,0,33.61,21.81,13.9,29.89,4.29,13.05,1.71,0.54,3.16,1.99,41.21,0.15
REVEL Mt Charleston,2023,4/1/23,1516,36.1596,-115.635,6.097297297,4.3,39,1.3,33.27,10.73,3.51,19.4,-6.17,2.28,2.11,0.74,4.54,1.7,23.4,0
Baltimore Marathon,2023,10/14/23,1502,39.2904,-76.6122,4.014285714,3.9,5,2.6,92.9,12.18,7.39,16.58,11.05,11.62,2.79,0.65,5.42,0.25,95.44,19.67
Charlotte's Thunder Road Marathon,2023,11/4/23,1486,35.2271,-80.8431,16.175,18,20.7,8,36.52,11.71,0.97,22.83,-4.51,3.6,0.68,0.22,1.24,0.9,3.11,0
Hartford Marathon,2023,10/14/23,1467,41.7658,-72.6734,5.833333333,5.65,8.9,3.9,84.15,9.44,5.82,14.01,6.67,8.05,0.05,0.01,0.23,0.46,97.5,1.33
Napa Valley Marathon,2023,3/5/23,1452,38.5025,-122.2654,7.5625,8.55,12.3,2.2,84.7,5.22,2.9,9.23,2.64,3.93,2.28,0.84,3.82,0.7,54.33,7.68
Des Moines Marathon,2023,10/15/23,1450,41.5868,-93.625,2.756989247,2.4,6.9,1.5,71.33,9.41,6.11,14.47,3.88,6.65,3.4,2.13,4.9,0.54,82.51,0.17
Mountains 2 Beach Marathon,2023,5/21/23,1423,34.2805,-119.2941,8.535294118,7.8,18,0.1,62.63,20.5,12.74,28.49,11.74,16.12,0.46,0.04,0.84,2.32,39.52,0.11
Lakefront Marathon,2023,10/1/23,1419,43.0389,-87.9065,12.76363636,10.1,31.5,8.2,71,20.83,14.81,29.38,14.74,17.78,1.86,1.2,2.6,1.11,27.89,0
Rock 'n' Roll Arizona Marathon,2023,1/15/23,1408,33.4484,-112.074,9.706666667,10.1,14.4,5.1,84.86,10.54,9.06,13.35,8.06,9.3,1.5,0.92,2.81,0.31,97.74,7.97
Bayshore Marathon,2023,5/27/23,1366,44.7631,-85.6206,5.3,5.3,5.3,5.3,57.27,13.92,8.12,18.76,5.32,9.62,1.65,1.03,2.67,1.84,17.15,0
Kiawah Island Marathon,2023,12/9/23,1358,32.6088,-80.0846,NA,NA,NA,NA,87.87,19.03,17.6,20.74,16.94,17.99,1.88,0.38,3.32,0.62,24.23,0.51
Georgia Marathon,2023,2/26/23,1335,33.749,-84.388,8.883333333,8.65,11.7,6.7,87.69,17.3,13.31,22.82,15.11,16.2,1.4,0.15,2.53,1.17,91.55,0.04
Surf City Marathon (prev. Pacific Shoreline Marathon),2023,2/5/23,1268,33.6595,-117.9988,7.55,7,13.2,2.3,86.58,13.96,12.39,15.67,11.64,12.8,5.48,2.29,7.49,0.81,27.89,0.4
Cowtown Marathon,2023,2/26/23,1263,32.7555,-97.3308,18.99166667,18.6,26.6,8.3,85.34,14.99,6.16,23.57,12.39,13.69,4.6,0.63,8.44,0.75,93.38,2.71
Cleveland Marathon,2023,5/21/23,1232,41.4993,-81.6944,9.8,9.4,15.3,7.2,70.95,14.87,10.4,18.48,9.23,12.05,2.35,0.15,4.14,1.87,36.51,0.3
Kansas City Marathon,2023,10/21/23,1231,39.0997,-94.5786,4.875,5,7,1.2,50.78,17.92,11.44,27.23,6.03,11.97,2.93,1.7,4.7,1.03,0.43,0
Vermont City Marathon,2023,5/28/23,1167,44.4759,-73.2121,6.7,6.7,8.9,4.7,62.41,19.23,11.48,26.11,11.16,15.19,0.77,0.42,1.32,2.05,1.25,0
Glass City Marathon,2023,4/23/23,1161,41.6528,-83.5379,3.56,3.1,7.1,1.8,76.7,4.62,-0.14,9.21,0.56,2.59,3.06,1.95,4,0.94,97.04,0.84
Ogden Marathon,2023,5/20/23,1077,41.223,-111.9738,14.39166667,11.75,35.9,3.7,44.89,17.52,8.3,24.8,4.11,10.82,0.86,0.16,1.34,2.26,15.71,0
Buffalo Marathon,2023,5/28/23,1075,42.8864,-78.8784,8.711111111,8.6,12,6.6,56.53,18.13,11.76,24.43,8.75,13.44,0.68,0.17,1.26,2.18,27.27,0.01
Air Force Marathon,2023,9/16/23,1070,39.7817,-84.1033,6.545,6.6,11.2,2.7,58.47,16.1,9.11,22.72,7.22,11.66,1.14,0.91,1.48,1.6,76.12,0.01
GO! St. Louis Marathon,2023,4/2/23,1065,38.627,-90.1994,4.896190476,4.9,7.2,2.3,73.14,10.82,1.19,19.37,5.6,8.21,3.07,1.11,4.88,1.73,12.54,0.56
Missoula Marathon,2023,6/25/23,1050,46.8721,-113.994,12.90666667,10.5,22.7,3.9,73.32,13.32,8.23,18.42,8.42,10.87,0.31,0.01,0.79,1.63,84.31,3.94
Kentucky Derby Festival Marathon,2023,4/29/23,1048,38.2527,-85.7585,9.464285714,9.95,12.4,5.8,85,12.72,6.76,17.32,10.41,11.57,1.74,0.91,3.2,0.98,84.18,0.99
Little Rock Marathon,2023,3/5/23,1044,34.7465,-92.2896,7.96,5.95,19.1,2.9,84.22,13.13,5.29,21.73,10.14,11.64,0.48,0.24,0.71,1.24,8.06,0
Salt Lake City Marathon,2023,4/22/23,1010,40.7608,-111.891,7.446666667,5.55,15.4,2.8,67.58,2.63,-1.45,6.69,-3.05,-0.21,1.21,0.48,2.02,1.21,95.88,0.06
Myrtle Beach Marathon,2023,3/4/23,997,33.6891,-78.8867,5.6,5.6,6,5.2,76.9,19.23,15.99,20.95,14.94,17.08,4.62,2.14,9.39,1.41,48.43,1.45
Utah Valley Marathon,2023,6/3/23,996,40.2969,-111.6946,14.46666667,16.2,23.1,2.6,51.5,16.26,10.85,20.74,5.76,11.01,1.06,0.24,1.97,2.05,56.26,0.9
Fargo Marathon,2023,5/20/23,958,46.8772,-96.7898,7.1625,6.6,11,4.5,55.7,16.04,6.62,24.33,6.04,11.04,2.66,1.23,4.17,2.04,7.86,0
Atlantic City Marathon,2023,10/22/23,953,39.3643,-74.4229,2.65,2.65,2.8,2.5,65.21,12.94,10.52,15.88,6.23,9.59,6.41,5.66,7.28,0.72,36.77,0.21
The Santa Rosa Marathon,2023,8/27/23,952,38.4405,-122.7144,8.118181818,8.4,9.9,4.7,42.68,23.21,12.48,35.05,5.94,14.57,1.26,0.15,2.12,2.45,6.82,0
Erie Marathon at Presque Isle,2023,9/10/23,944,42.1535,-80.105,5.825,6.3,8.3,3.1,79.81,19.36,16.61,23.51,15.55,17.46,1.07,0.64,1.74,1.18,94.64,0.67
Baystate Marathon,2023,10/15/23,936,42.6334,-71.3162,3.4,3.4,3.5,3.3,78.52,10.46,7.42,15.05,6.52,8.49,0.69,0.55,0.82,0.71,90.88,0.08
Carmel Marathon,2023,4/8/23,936,39.9784,-86.118,5.214634146,4.4,13.5,3.3,63.52,7.62,0.25,15.7,0.3,3.96,3.18,1.73,5.17,1.76,35.44,0
Grand Rapids Marathon,2023,10/15/23,932,42.9634,-85.6681,2.490909091,2.5,4,0.7,79.65,8.48,4.05,13.04,4.83,6.65,3.32,2.04,5.09,0.54,86.31,0.21
Rocket City Marathon,2023,12/10/23,917,34.7304,-86.5861,4.475,4.3,5.8,3.5,81.87,5.73,-1.06,13.33,2.68,4.2,1.56,0.64,2.52,0.49,42.81,27.86
Boulderthon Marathon,2023,10/8/23,916,40.015,-105.2705,3.551851852,3.3,9.6,2.2,30.84,14.64,6.37,24.37,-3.83,5.4,1.76,0.94,3.14,1.36,1.21,0
Maine Marathon,2023,10/1/23,904,43.6591,-70.2568,35.7,35.7,43.3,28.1,88.06,15.77,13.06,19.02,13.73,14.75,2.08,0.39,3.9,0.81,3.45,0.03
Cape Cod Marathon,2023,10/8/23,897,41.5532,-70.6083,NA,NA,NA,NA,75.22,15.05,13.05,16.65,10.65,12.85,8.04,5.79,9.13,1.05,15.82,0.25
Steamtown Marathon,2023,10/8/23,867,41.4089,-75.6624,2.5125,2.45,3.1,2.2,78.69,8.64,4.96,12.56,4.94,6.79,0,0,0,0.64,88.6,0.42
Rehoboth Seashore Marathon,2023,12/2/23,861,38.7209,-75.076,NA,NA,NA,NA,95.65,12.69,11.31,14.26,12.02,12.35,2.53,0.97,5.9,0.21,99.09,3.2
Space Coast Marathon,2023,11/26/23,858,28.2639,-80.7214,NA,NA,NA,NA,85.75,23.61,22.02,25.52,21.09,22.35,3.13,1.52,5.43,0.49,98.57,4.4
Carlsbad Marathon,2023,1/15/23,823,33.1581,-117.3506,8.96,8.2,12.5,5.3,88.33,13.56,12.53,14.96,11.65,12.6,4.43,2.79,6.39,0.37,99.2,10.42
The Woodlands Marathon,2023,3/4/23,822,30.1658,-95.4613,16.41111111,14.1,29.5,9.4,75.36,15.46,7.32,24.49,10.43,12.94,1.04,0.16,1.65,1.61,0.38,0
Tucson Marathon,2023,12/10/23,819,32.2226,-110.9747,3.58,3.55,7.9,-0.7,19,10.44,4.13,21.78,-12.63,-1.1,4.91,1.34,8.03,0.63,0.6,0
Lincoln Marathon,2023,5/7/23,798,40.8136,-96.7026,7.968181818,6.7,18.3,3.3,69.34,21.64,15.06,30.67,14.82,18.23,3.38,0.44,5.65,2.09,39.36,4.08
Route 66 Marathon,2023,11/19/23,785,36.1539,-95.9928,6.4,6.05,12,2,80.99,12.07,8.48,17.07,8.84,10.46,4.61,1.75,7.09,0.27,96.67,9.72
Colorado Marathon,2023,5/7/23,784,40.5853,-105.0844,7.65,7.5,11.9,1.5,44.88,11.99,5.59,18.46,-0.26,5.87,1.05,0.41,2.17,1.85,90.78,0.62
Tobacco Road Marathon,2023,3/19/23,779,35.8726,-78.8427,1.9,1.9,1.9,1.9,59.15,3.75,0.02,8.92,-4.17,-0.21,0.58,0.26,0.86,1.5,3.34,0
Jack and Jill's Downhill Saturday Marathon,2023,7/29/23,761,47.4447,-121.667,4.085714286,3.9,5.4,3.1,80.4,16.35,11.74,21.5,12.6,14.47,0.19,0.09,0.42,2.26,21.9,0.17
Ventura Marathon,2023,2/26/23,758,34.2746,-119.229,8.1,4.7,30.5,-0.6,88.72,3.49,-1.71,8.6,1.6,2.55,0.87,0.55,1.15,0.71,50.77,1.04
Light at the End of the Tunnel Marathon,2023,6/11/23,757,47.3903,-121.4811,8.7,8.4,14.4,4.7,83.88,13.03,6.28,19.88,9.99,11.51,0.07,0.01,0.23,1.94,51.69,0.32
Louisiana Marathon,2023,1/15/23,750,30.4515,-91.1871,11.03,10.15,17.7,7.2,85.06,8.65,-0.17,16.38,6.26,7.45,1.93,0.79,2.93,0.66,44.06,0.3
Leadville Trail Marathon,2023,6/17/23,744,39.2508,-106.2925,23.295,24.1,34.1,9.3,73.48,3.26,-0.85,8.62,-1.29,0.98,0.35,0.06,0.88,1.85,85.35,4.1
Wilmington Marathon,2023,2/25/23,726,34.2257,-77.9447,6.5,6.1,7.4,6,86.06,14.4,12.08,17.25,12.07,13.24,1.69,0.32,3.05,0.38,95.94,3.46
Rockies Marathon,2023,6/3/23,711,39.5501,-105.7821,14.2020202,12.6,23.3,2.8,80.35,5.78,1.39,11.11,2.21,4,0.75,0.25,1.12,1.32,99.29,3.1
Akron Marathon,2023,9/30/23,693,41.0814,-81.5192,10.575,8.95,19.1,5.3,75.9,18.25,11.45,26.26,13.19,15.72,0.66,0.37,0.89,1.23,36.28,0
Newport Marathon (RI),2023,10/8/23,677,41.4901,-71.3128,2.7,2.7,2.7,2.7,76.57,13.95,11.43,16.88,9.73,11.84,3.07,2.35,3.49,1.04,26.1,0.22
Rhode Races Newport Marathon,2023,4/15/23,676,41.4901,-71.3128,4.6,4.6,4.6,4.6,90.19,12.74,8.83,17.81,11.09,11.91,0.98,0.44,1.31,1.26,75.12,0.48
City of Oaks Marathon,2023,11/5/23,669,35.7796,-78.6382,14.4,14.4,17.9,10.9,59.12,13.33,3.67,23.05,4.98,9.16,0.4,0.18,0.97,0.77,45.91,0
The Tunnel Lite Marathon,2023,9/10/23,664,47.3903,-121.4816,14.025,15.35,18.6,3.3,65.65,15.03,9.57,21.77,8.13,11.58,0.34,0.01,1.08,1.49,58.29,0
Mount Desert Island marathon,2023,10/15/23,650,44.3784,-68.2093,2.6,2.6,2.6,2.6,87.88,10.07,6.99,13.82,7.98,9.02,1.55,0.74,2.14,0.65,75.72,0.75
Coastal Delaware Running Festival,2023,4/16/23,633,38.7156,-75.089,NA,NA,NA,NA,90.88,16.41,14.38,20.18,14.86,15.64,2.43,1.05,4.23,1.4,67.17,0.21
Pikes Peak Marathon,2023,9/17/23,615,38.8409,-105.0423,10.4,8.7,29.5,3.1,38.93,14.25,4.22,24.33,-1.38,6.43,1.34,0.06,2.84,2.17,22.74,0.03
Asheville Marathon,2023,3/18/23,601,35.5951,-82.5515,2.266666667,2.15,3.8,1.4,66.03,2.22,-2.12,7.39,-4.18,-0.98,0.64,0.36,0.85,1.49,37.89,0.03
Mayor's Marathon,2023,6/17/23,582,61.2166,-149.8986,2.8,2.8,2.8,2.8,79.98,10.97,5.22,14.77,7.43,9.2,1.08,0.67,1.41,1.03,87.12,0.01
Jacksonville Marathon,2023,12/10/23,553,30.3322,-81.6557,4.8,4.9,4.9,4.6,94.58,18.65,10.62,21.72,17.87,18.26,0.67,0.33,1.74,0.55,91.05,8.39
Bryan-College Station Marathon,2023,12/10/23,544,30.6279,-96.3344,2.433333333,2.55,4,0.8,43.16,8.99,3.71,14.64,-3.69,2.65,2.86,0.49,4.68,0.78,0.6,0
Quad Cities Marathon,2023,9/24/23,541,41.5236,-90.5776,7.271966527,8.8,11.8,1.2,64.95,19.78,16.24,25.32,12.79,16.28,3.63,1.7,4.39,1.11,62.55,6.08
Mankato Marathon,2023,10/21/23,533,44.1636,-93.9994,3.02,3.5,4.3,1.6,69.62,10.9,5.85,16.54,5.22,8.06,4.4,1.12,7.26,0.62,48.87,0
Mercedes Marathon,2023,2/12/23,521,33.5186,-86.8104,3,2.9,4.8,1.4,85.62,5.93,1.05,13.33,3.49,4.71,0.31,0.11,0.46,0.66,54.36,3.53
Eau Claire Marathon,2023,4/30/23,516,44.8113,-91.4985,1.8,0.5,4.5,0.4,89.2,2.72,0.56,4.74,1.11,1.91,6.36,5.18,7.35,0.81,98.74,5.67
Jack and Jill's Downhill Marathon,2023,7/30/23,510,47.3903,-121.4816,5.35,4.4,9.5,3.2,82,11.96,7.96,16.48,8.69,10.33,0.06,0.02,0.23,2.2,38.37,0.09
Knoxville Marathon,2023,4/2/23,504,35.9606,-83.9207,4.053846154,4.2,6.2,0,67.89,9.28,1.96,17.27,2.74,6.01,0.58,0.14,1.05,2.13,0.49,0.03
Sugarloaf Marathon,2023,5/14/23,504,45.0712,-70.3126,1.5,1.5,1.5,1.5,68.82,6.4,1,11.36,0.62,3.51,0.41,0.34,0.48,1.66,18.41,0
26.2 with Donna: The National Marathon to Finish Breast Cancer,2023,2/5/23,500,30.2711,-81.3905,4.9,4.9,5.4,4.4,85.24,16.82,14.59,18.72,14.3,15.56,1.89,0.42,3.34,0.88,86.54,0.02
Tunnel Vision Marathon,2023,8/13/23,495,47.3903,-121.4816,4.1625,3.35,10,2.8,60.39,20.53,11.95,28.9,11.87,16.2,0.46,0.01,1.01,2.14,3.66,0
Green Bay Marathon,2023,5/21/23,494,44.5133,-88.0133,8.8,9.2,11.6,6.2,69.86,15.67,8.64,23.54,9.48,12.58,2.3,0.32,3.87,1.21,30.41,0
Moab Trail Marathon,2023,11/4/23,491,38.5733,-109.5498,10.43378378,10.7,14.8,3.2,40.21,11.95,6.48,19.25,-1.61,5.17,1.22,0.44,2.19,0.81,9.73,0
Two Cities Marathon,2023,11/5/23,481,36.8252,-119.7029,17.09,15.75,31.6,4.6,42.88,20.03,13.39,27.59,5.56,12.8,0.84,0.17,1.88,0.89,51.86,0.01
Martha's Vineyard Marathon,2023,5/20/23,480,41.38,-70.6455,NA,NA,NA,NA,92.64,14.47,12.4,15.88,13.31,13.89,6.38,2.92,10.12,1.01,99.2,42.74
Mississippi Gulf Coast Marathon,2023,12/10/23,478,30.3953,-88.8853,3.75,3.85,4.9,0.8,81.3,13.1,7.04,18.17,9.93,11.51,5.02,2.04,7.95,0.53,70.16,12.93
Duke City Marathon,2023,10/22/23,476,35.0844,-106.6504,7.777952756,6,14.8,4.4,22.89,18.74,10.85,27.81,-4.25,7.25,1.66,0.86,2.94,1.5,3.42,0
Seven Bridges Marathon,2023,10/15/23,476,35.0456,-85.3097,2.09787234,2.2,2.5,1.5,64.74,13.95,7.76,19.11,6.84,10.4,0.56,0.3,0.91,0.62,86.63,0.33
Oakland Marathon Running Festival,2023,3/19/23,471,37.8044,-122.2711,4.883333333,4.9,8.7,2.1,92.78,10.78,9.82,11.86,9.67,10.23,2.86,1.79,4.11,0.71,97.6,13.18
Harrisburg Marathon,2023,11/12/23,463,40.2732,-76.8867,6.133333333,6.1,8.5,4.4,74.15,2.25,-1.88,9.2,-2.56,-0.16,0.42,0.22,0.86,0.45,41.31,0
Ft. Lauderdale A1A Marathon,2023,2/19/23,460,26.1224,-80.1373,10,10,13,7,78.68,24.97,23.97,26.14,21.02,22.99,3.32,2.1,5.13,1.41,37.01,0.12
Mo Cowbell Marathon,2023,10/1/23,457,38.7875,-90.4826,8.668181818,8.5,12.2,5.8,58,22.74,15.88,31.29,12.75,17.75,1.54,0.92,2.47,1.59,0.43,0
Delaware Marathon,2023,4/23/23,454,39.7391,-75.5398,5.266666667,5.2,6,4.5,67.49,13.68,7.77,18.84,7.33,10.5,3.84,2.66,6.11,1.64,40.8,5.23
Palm Beaches Marathon Festival,2023,12/10/23,454,26.7153,-80.0534,NA,NA,NA,NA,82.24,24.87,23.68,26.76,21.59,23.23,4.14,3.17,5.75,0.86,62.3,1.78
Chicagoland Marathon,2023,5/7/23,452,41.85,-87.65,3.52,3.3,5.3,2,93.64,13.47,7.25,19.14,12.44,12.96,3.44,1.64,5.47,1.89,37.12,1.57
Manchester City Marathon,2023,11/12/23,452,42.9956,-71.4548,7.4,7.4,7.4,7.4,80.87,-1.34,-4.57,4.68,-4.68,-3.01,0.23,0.1,0.67,0.33,38.85,0
Fox Valley Marathon,2023,9/17/23,447,41.9142,-88.3087,7.153846154,7.3,9.9,4.6,83.51,15.8,12.32,20.75,12.8,14.3,2.35,1.1,4.17,0.7,91.44,12.01
Mohawk-Hudson River Marathon,2023,10/8/23,438,42.6526,-73.7562,2.18,2.1,2.4,1.9,80.36,10.33,6.54,15.33,6.74,8.54,0,0,0,0.84,70.95,1.18
Garmin Marathon (prev. Oz Marathon),2023,4/22/23,432,38.8999,-94.6897,9.0125,8.1,16.5,2,60.81,5.39,0.78,11.17,-2.11,1.64,3.83,1.09,6.35,1.3,64.61,0.01
Long Island Marathon,2023,5/7/23,430,40.7326,-73.5896,NA,NA,NA,NA,81.36,14.69,10.79,18.32,11.35,13.02,2.91,1.41,4.73,1.68,44.3,0.39
Marquette Marathon,2023,9/2/23,425,46.5476,-87.3956,4.9,4.9,4.9,4.9,72.57,21.26,16.47,28.01,15.82,18.54,1.16,0.69,2.26,1.45,44.18,0.08
Irving Marathon,2023,4/1/23,421,32.814,-96.9489,10.125,10.1,11.1,9.3,49.96,15.26,8.6,22.4,4.42,9.84,2.71,0.88,4.94,2.46,52.49,0
Charlevoix Marathon,2023,6/17/23,416,45.3181,-85.2584,NA,NA,NA,NA,73.68,14.4,8.63,17.62,9.47,11.93,1.59,0.57,2.25,2.05,24.83,0
The Cheap! Marathon,2023,4/16/23,408,42.7306,-71.1634,6.5,6.2,8.2,5.1,89.49,11.4,8.03,16.55,9.62,10.51,0.39,0.3,0.55,0.92,76.09,0.8
Fox Cities Marathon,2023,9/17/23,403,44.2619,-88.4154,6.66,7.3,8.6,4.7,74.91,16.08,11.77,21.12,11,13.54,3,1.98,3.88,1.12,46.52,0.13
Town of Celebration Marathon,2023,1/29/23,403,28.317,-81.5409,NA,NA,NA,NA,81.91,20.35,14.3,27.74,17.01,18.68,2.23,1.33,3.68,1.1,47.71,0
Catalina Marathon,2023,3/11/23,382,33.3879,-118.4163,5.066666667,3.9,13.9,0.8,95.08,14.11,13.21,15.47,13.35,13.73,2.02,1.54,3.1,1.06,98.86,3.54
Avenue of the Giants Marathon,2023,5/7/23,381,40.0357,-123.7353,7.973333333,7.6,16.6,2.2,87.02,8.38,6.01,11.79,6.18,7.28,1.07,0.62,1.69,1.27,97.65,6.6
Big Beach Marathon,2023,1/29/23,379,30.246,-87.7008,7.166666667,7.05,8.6,5.7,92.29,19.35,17.39,20.41,18.04,18.69,3.5,2.23,5.46,0.49,87.14,8.68
Equinox Marathon,2023,9/16/23,377,64.8378,-147.7164,NA,NA,NA,NA,90.26,6.48,3.88,10.46,4.95,5.72,1.79,1.01,2.72,0.31,98.14,1.08
WhistleStop Marathon,2023,10/14/23,376,46.5927,-90.8779,1.2,1.2,1.2,1.2,89.73,8.28,5.6,10.82,6.65,7.46,0.98,0.7,1.16,0.57,84.2,3.14
One City Marathon,2023,3/5/23,374,37.0869,-76.473,3.6,3.6,4,3.2,71.23,10.66,5.96,15.57,5.34,8,1.9,0.99,3.29,1.07,5.26,0.03
Sioux Falls Marathon,2023,8/27/23,366,43.5446,-96.7311,4.836363636,4.8,6.7,3.1,51.98,21.55,13.16,29.54,10.23,15.89,1.72,0.82,2.56,2.03,24.44,0
Tacoma City Marathon,2023,4/30/23,365,47.2529,-122.4443,3.007142857,2.3,6.3,1.7,84.41,11.44,7.47,15.39,8.76,10.1,0.78,0.54,0.9,1,95.56,0.16
"Nashville Half Marathon, Marathon & 5K",2023,10/28/23,363,36.1627,-86.7816,9.48,9.2,12.5,6,67.77,21.87,15.67,29.55,14.91,18.39,1.09,0.74,1.53,0.86,78.67,1.29
Chickamauga Battlefield Marathon,2023,11/11/23,344,34.9481,-85.2904,6.270909091,6.3,7.2,5.6,73.42,12.21,8.1,18.23,7.15,9.68,0.39,0.23,0.67,0.58,97.08,3.37
New England Green River Marathon,2023,8/27/23,340,42.7009,-72.4521,5.033333333,5.2,5.4,4.5,82.82,19.39,14.89,24.73,16.01,17.7,0.1,0.01,0.36,1.58,65.06,0.8
Salina Crossroads Marathon,2023,11/4/23,331,38.8403,-97.6114,11.71,11.95,13.5,8.8,70.44,10.26,6.44,16.16,4.85,7.56,1.98,1.01,3.8,0.53,66.43,0.26
Marshall University Marathon,2023,11/5/23,330,38.4192,-82.4452,13.6,13.6,13.6,13.6,68.15,11.08,6.06,18.98,4.51,7.79,0.12,0,0.8,0.62,2.13,0
OBX Marathon,2023,11/12/23,327,35.9183,-75.6105,NA,NA,NA,NA,77.53,14.81,13.17,15.48,10.9,12.85,7.74,6.73,8.48,0.3,99.13,6.46
Maui Oceanfront Marathon,2023,1/15/23,324,20.8783,-156.6825,5.3,5.3,5.3,5.3,71.8,24.77,23.26,26.43,19.3,22.03,4.08,2.43,5.24,1.48,32.96,0.31
Colorado Springs Marathon,2023,9/30/23,321,38.8339,-104.8214,6.490909091,4.7,11.1,3.8,37.33,16.08,8,25.64,-0.56,7.76,3.32,1.21,5.55,1.8,52.91,0.57
Deseret News Classic Marathon,2023,7/24/23,320,40.7608,-111.891,11.50098039,10.4,38.6,8.1,49.95,25.46,20.71,32.02,13.61,19.54,1.19,0.27,2,2.62,85.59,1.95
Newport Marathon,2023,6/3/23,318,41.4901,-71.3128,6.2,6.2,6.2,6.2,84.27,12.57,9.23,16.1,9.94,11.25,3.4,1.11,4.1,1.11,97.44,2.43
Clarence Demar Marathon,2023,9/24/23,317,42.9337,-72.2781,4.1,3.75,5.7,3.2,96.22,12.25,10.13,14.26,11.67,11.96,0.03,0.02,0.04,0.51,98.81,4.15
Maui Marathon,2023,4/23/23,317,20.8783,-156.6825,4.3,4.3,4.3,4.3,69.9,25.16,23.5,26.79,19.23,22.2,1.92,0.75,3.09,3.53,21.3,0.11
The Kauai Marathon,2023,9/3/23,317,21.8718,-159.4523,NA,NA,NA,NA,74.56,26.32,25.24,27.5,21.42,23.87,5.3,3.39,6.54,3.21,39.36,0.98
St. Petersburg Marathon,2023,2/12/23,312,27.7676,-82.6403,6.95,6.95,7.7,6.2,69.88,17.35,15.13,18.83,11.75,14.55,7.03,5.11,8.85,1.04,82.06,0.47
Coast Guard Marathon,2023,3/4/23,311,36.2946,-76.251,NA,NA,NA,NA,71.87,15.12,8.12,19.61,9.74,12.43,5.96,3.07,10.46,1.22,1.97,0.42
Moose Mountain Marathon,2023,9/9/23,306,47.5586,-90.9253,NA,NA,NA,NA,79.84,15.74,14.52,16.67,12.28,14.01,0.93,0.24,1.5,0.74,96.25,2.16
Spinx Run Fest,2023,10/28/23,304,34.8526,-82.394,10.66666667,11,11.9,9.1,67.51,19,12.53,28.33,12,15.5,0.64,0.29,0.93,1.09,3.07,0
Kalamazoo Marathon,2023,4/23/23,302,42.2917,-85.5872,5.759459459,5.8,13.7,1,75.47,3.33,-0.2,7.74,-0.97,1.18,2.95,1.09,4.77,1.05,92.99,0.15
Eugene Curnow Trail Marathon (formerly the Half Voyageur Trail Marathon),2023,7/15/23,301,46.7483,-92.206,14.06,15.5,16.8,5.7,62.3,18.4,13.41,23.94,10.56,14.48,2.63,1.02,4.41,1.45,86.91,0.06
Suffolk County Marathon,2023,10/22/23,299,40.7291,-73.2176,NA,NA,NA,NA,73.86,13.02,10.09,14.41,8.42,10.72,8.56,7.76,9.74,0.64,47.14,0.02
Holland Haven Marathon,2023,9/10/23,297,42.7875,-86.1089,6.633333333,6.9,11.8,3.5,66.76,18.56,15.51,21.79,12.08,15.32,1.22,0.17,2.07,1.57,55.41,0.03
Modesto Marathon,2023,3/26/23,295,37.6391,-120.9969,6.053333333,5.1,11.2,3.6,77.69,5.47,-0.02,11.7,1.39,3.43,2.46,1.16,3.74,1.23,4.68,0
Prairie Fire Wichita Marathon,2023,10/8/23,293,37.6869,-97.335,3.883333333,3.4,6.5,2.7,48.37,16.68,7.2,27.37,4.89,10.79,1.93,0.82,2.86,1.32,0.27,0
Wisconsin Marathon,2023,5/6/23,293,42.5871,-87.8223,4.675,4.15,8.9,2.6,84.15,16.53,11.9,20.5,13.68,15.1,4.02,1.57,5.57,0.75,88.32,1.02
Lost Dutchman Marathon,2023,2/19/23,290,33.415,-111.5487,9.914285714,10.3,12.8,4.5,48.48,13.27,9.22,18.55,2.07,7.67,1.65,0.79,3.5,0.86,90.2,0
Albany Marathon (formerly the Snickers Marathon Energy Bar Marathon),2023,3/4/23,289,31.5785,-84.1557,10.3,10.3,11,9.6,75.92,19.12,14.07,24.88,14.36,16.74,1.73,1.03,2.72,1.67,50.5,0.01
Sri Chinmoy Marathon (formerly Self-Transcendence Marathon),2023,8/24/23,288,41.0786,-73.8685,4.2,4.2,4.2,4.2,85.31,19.84,16.59,23.15,17.18,18.51,1.37,0.61,1.89,0.69,94.11,5.83
Bass Pro Shops Marathon,2023,11/5/23,287,37.1806,-93.3112,14.13333333,13.1,34.5,6.7,81.57,14.44,8.55,22.12,10.95,12.69,1.3,0.54,1.98,0.62,46.19,0.64
"Louisville Marathon, Half Marathon & 10K",2023,11/5/23,284,38.2566,-85.7539,15.15833333,12.4,33.2,7.3,65.16,10.79,5.78,18.5,3.28,7.03,1.15,0.78,1.71,0.63,7.92,0
Jekyll Island Marathon,2023,1/15/23,283,31.0746,-81.4066,3.45,3.45,3.8,3.1,60.61,8.69,5.53,11.45,1.03,4.86,3.34,1.51,5.86,0.58,17.03,0
Ocean State Marathon & Rhode Race,2023,10/29/23,283,41.7001,-71.457,3.9,3.8,5.6,2.3,84.47,12.53,11.17,15.02,9.93,11.23,2.16,1.73,2.4,0.21,98.22,10.55
Brew City Marathon,2023,4/22/23,282,43.0389,-87.9065,5.915789474,5.2,9.4,3.4,80.49,2.66,-0.72,5.21,-0.51,1.07,2.8,1.53,4.15,1.02,91.16,0.62
Coeur d' Alene Marathon,2023,5/28/23,281,47.6777,-116.7805,2.8,2.8,3.1,2.5,77,16.01,10.37,21.43,11.53,13.77,0.85,0.42,1.12,1.49,78.07,1.03
North Central Trail Marathon,2023,11/25/23,278,39.6837,-76.6413,6.215384615,6,8.5,3.9,75.09,-0.05,-4.08,5.34,-4.41,-2.23,1.65,0.97,2.93,0.39,40.92,0
Hilton Head Marathon,2023,2/11/23,277,32.2163,-80.7526,NA,NA,NA,NA,93.93,15.79,14.87,18.66,14.77,15.28,7.53,2.83,10.37,0.3,98.74,45.18
North Olympic Discovery Marathon,2023,6/4/23,272,48.1181,-123.4307,2.45,2.45,5.4,-0.5,71.22,10.85,5.84,15.53,5.3,8.07,0.88,0.58,1.21,2.13,10.83,0.04
Lake Placid Marathon,2023,6/11/23,265,44.2795,-73.9799,8.3,8.3,8.9,7.7,73.6,17.77,10.33,23.48,12.53,15.16,0.44,0.03,0.98,1.78,75.22,1.19
Panama City Beach Marathon,2023,12/2/23,263,30.1766,-85.8055,6.45,6.45,6.9,6,96.67,20.91,19.26,22.25,20.38,20.64,3.78,2.16,6.28,0.11,98.52,38.59
Foot Traffic Flat Marathon,2023,7/4/23,259,45.6536,-122.764,9.52,8,19,5.2,53.68,24.3,13.49,34.07,11.31,17.8,0.67,0.08,1.24,2.46,2.87,0.01
Bellingham Bay Marathon,2023,9/24/23,257,48.7544,-122.4781,3.65,3.65,5.6,1.7,88.53,12.58,8.06,17.58,10.61,11.59,0.88,0.36,1.32,0.67,98.84,10.52
Pro Football Hall of Fame Marathon,2023,5/7/23,257,40.8184,-81.3985,7.873684211,6.5,18.3,3.3,85.81,15.77,10.56,21.16,13.39,14.58,0.84,0.52,1.27,0.98,99.39,1.89
Hamptons Marathon,2023,9/23/23,256,40.9634,-72.1848,NA,NA,NA,NA,89.66,17.31,16.7,17.97,15.6,16.46,7.53,6.23,8.63,0.56,97.35,19.38
Mad Marathon,2023,7/9/23,253,44.1373,-72.8277,1.5,1.5,1.5,1.5,87.83,21.99,18.6,25.94,19.69,20.84,0.15,0.04,0.45,1.44,96.56,11.99
Salisbury Marathon,2023,4/1/23,253,38.3658,-75.593,NA,NA,NA,NA,85.44,16.74,8.53,21.71,14.2,15.47,6.82,5.04,10.36,0.58,72.37,14.72
Bend Marathon and Half,2023,4/16/23,250,44.0582,-121.3153,1.38,1.3,3.9,-0.6,73.82,4.17,0.29,9.53,-0.47,1.85,1.69,0.43,4,0.86,88.58,1.24
B&A Trail Marathon,2023,3/26/23,249,39.0458,-76.6413,4.55,4.55,5,4.1,64.74,11.03,4.23,17.4,3.86,7.44,2.65,0.77,4.86,1.42,0.76,0
Ann Arbor Marathon,2023,10/1/23,248,42.2808,-83.743,23.505,21.45,40.5,10,70.11,19.56,14.28,26.55,13.5,16.53,1.12,0.5,2.1,1.15,28.13,0
Capital City Marathon,2023,5/21/23,247,47.0455,-122.895,19.38,15.55,33,3.5,79.87,12.47,8.88,16.23,8.91,10.69,0.22,0.18,0.29,1.15,87.54,0.36
Harpeth Hills Flying Monkey Marathon,2023,11/19/23,244,36.0665,-86.8987,5.941666667,5.75,10.8,2.5,57.07,7.86,0.3,17.22,-1.45,3.21,1.17,0.77,2.25,0.56,33.53,0
El Paso Marathon,2023,2/12/23,238,31.7619,-106.485,3.35,3.35,4.5,2.2,38.74,9.81,-0.09,20.69,-3.9,2.96,2.46,1.18,3.52,1.02,68.46,0
Columbia Gorge Marathon,2023,10/22/23,235,45.7086,-121.512,4.1,4.1,6,2.2,86.05,11.22,8.35,16.53,8.76,9.99,0.93,0.5,1.38,0.57,86.31,0.07
Jackson Hole Marathon,2023,9/23/23,233,43.4799,-110.7624,4.9,5.25,9.3,0.3,73.85,4.3,-1.98,12.19,-0.68,1.81,0.21,0.01,0.92,1.16,73.13,0.14
Steamboat Marathon,2023,6/4/23,233,40.484,-106.8317,13.35882353,13,30.4,3.4,82.97,8.35,3.3,13.84,5.29,6.82,0.16,0,0.67,1.61,98.02,0.85
Med-City Marathon,2023,5/13/23,231,44.0216,-92.4699,7.85,7.95,8.9,6.6,78,17.41,13.53,22.58,13.29,15.35,5.25,3.2,6.76,0.83,98.03,9.23
Blue Sky Marathon,2023,10/21/23,222,40.5247,-105.0246,4.484,4.2,6.9,2.5,34.7,15.51,8.16,24.6,-1.19,7.16,2.02,0.76,3.23,1.16,32.26,0.09
Anchorage Runfest Humpy's Marathon (prev. Big Wild Life Runs Marathon),2023,8/20/23,221,61.2176,-149.8586,6.4,6.4,6.4,6.4,85.09,12.43,9.86,14.94,9.92,11.18,1.55,1,2.12,0.9,97.38,0.09
Run Oak Island,2023,2/18/23,221,33.916,-78.1617,NA,NA,NA,NA,67.22,7.18,3.54,11.69,1.11,4.15,2.26,1.32,3.75,1.15,7.16,0
Windermere Marathon,2023,5/21/23,217,47.674,-117.2399,10.2,10.2,10.2,10.2,70.78,19.8,13.27,24.61,14,16.9,2.35,0.95,3.69,1.83,63.69,1.91
Last Chance BQ.2 Chicagoland Marathon,2023,9/9/23,216,41.795,-88.1473,8.926666667,9.5,12.1,4.4,70.66,18.24,12.12,26.03,11.97,15.11,2.12,0.99,3.34,1.79,10.36,0
Sackets Harbor Marathon & Half Marathon,2023,9/3/23,216,43.9448,-76.1191,9.1,9.1,9.1,9.1,81.81,21.63,19.38,24.28,18.32,19.98,2.19,1.82,2.92,1.6,22.88,0.04
York Marathon and Half Marathon,2023,5/7/23,216,39.9626,-76.7277,9.382142857,8.2,16.6,5.4,80.07,15.39,9.5,21.58,11.72,13.56,0.92,0.11,1.73,1.24,94.63,0.76
Chattanooga Marathon,2023,3/5/23,212,35.0456,-85.3097,7.866666667,8.95,10.8,4.1,76.26,11.25,3.16,20.22,6.44,8.84,0.47,0.31,0.9,1.21,0.22,0.01
Florida Marathon & Half Marathon,2023,2/12/23,210,28.0836,-80.6081,6.75,6.75,7.3,6.2,71.19,19.61,15.01,22.81,13.86,16.73,6.8,4.49,9.34,1.06,63.12,0.95
Hogeye Marathon,2023,4/15/23,210,36.0822,-94.1719,7.24375,7.3,9.5,3.2,79.17,16.78,6.83,24.8,12.98,14.88,0.94,0.45,1.56,1.38,79.47,1.81
Mt. Nebo Marathon,2023,8/26/23,210,35.2234,-93.2527,12.94,13,14.5,11.3,53.75,32.44,23.95,42.16,20.09,26.27,0.15,0.06,0.4,2.19,62.99,0.39
Lake Wobegon Trail Marathon,2023,5/6/23,209,45.6686,-94.364,7.2,7.15,8.8,5.7,89.36,14.18,8.89,20.56,12.33,13.25,3.74,2.47,4.92,0.6,95.06,5.44
Loco Marathon,2023,10/22/23,207,43.1979,-70.8737,1,1,1,1,78.42,10.92,8.32,13.02,7.19,9.05,4.96,4.16,5.97,0.45,93.2,1.01
Deadwood-Mickelson Trail Marathon,2023,6/4/23,206,44.3764,-103.7296,34.85,19.05,76.9,0.6,60.71,20.02,12.87,26.77,11.19,15.6,1.37,0.55,2.09,2.32,44.44,0.1
South Texas International Marathon,2023,12/2/23,206,26.2034,-98.23,7.033333333,5.95,12.1,4.9,78.99,19.33,14.92,25.93,15.23,17.28,2.12,0.84,5.02,0.87,92.96,0.06
Des Plaines River Trail Marathon,2023,10/14/23,205,42.1241,-87.9115,3.511111111,3.65,6.6,1.8,85.88,10.93,8.31,13.91,8.59,9.76,5.58,3.97,7.01,0.45,98.21,13.33
Heartland Marathon,2023,9/24/23,201,41.2594,-95.9384,3.857142857,2.5,9.3,0,65.85,19.07,11.62,27.92,11.58,15.33,2.63,0.97,4.61,1.43,26.91,0.02
Millinocket Marathon,2023,12/2/23,193,45.6573,-68.7098,NA,NA,NA,NA,99.36,0.74,-1.63,3.36,0.66,0.7,0.1,0.04,0.18,0.07,98.59,2.08
Whidbey Island Marathon,2023,4/23/23,189,48.2932,-122.6471,4.44,4.5,7.9,1.6,95.7,8.47,6.39,9.17,7.82,8.15,0.53,0.3,1.1,0.62,99.04,15.5
New Hampshire Marathon,2023,9/30/23,188,43.6484,-71.507,21.6,19.4,30.2,15.2,83.22,13.7,8.57,20.25,10.63,12.16,0.42,0.06,0.96,0.58,88.13,0.58
A Run Through Time,2023,3/11/23,186,38.4466,-105.2253,4.3,4.25,6.1,1.9,52,5.29,-1.15,12.61,-5.22,0.04,3.43,0.75,5.23,1.1,70.98,0.68
3 Bridges Marathon,2023,12/9/23,184,34.7961,-92.2671,7.325,5.9,16.8,2.4,84.14,12.39,5.39,15.79,9.62,11.01,1.56,0.68,2.76,0.4,55.57,3.76
Aspen Valley Marathon,2023,7/15/23,184,39.1911,-106.8175,10.275,7.9,20.5,3.8,39.97,13.02,4.3,21.66,-1.84,5.59,0.57,0.12,1.17,3.5,13.74,0.23
Leavenworth Marathon,2023,9/30/23,184,47.5962,-120.6615,4.05,4.4,6.2,1.2,65.43,7.78,0.62,15.49,0.9,4.34,0.73,0.36,1.04,0.81,19.39,0.02
Maritime Marathon,2023,6/11/23,183,44.0886,-87.6596,4.2,4.2,4.2,4.2,72.73,11.88,9.26,13.51,7.12,9.5,7.96,5.32,8.94,1.1,97.1,8.23
Bismarck Marathon,2023,9/16/23,179,46.8083,-100.7837,27.79333333,18.7,62.7,2.7,65.13,14.9,8.57,22.1,7.75,11.32,1.48,0.84,2.22,1.15,28.66,0
Charlottesville Marathon,2023,4/1/23,179,38.0293,-78.4767,6.9,6.9,7.5,6.3,71.04,16.02,6.85,23.15,10.03,13.03,0.75,0.31,1.17,1.24,72,4.05
Fort Worth Marathon,2023,11/12/23,179,32.7555,-97.3308,9.47,10.1,13.6,4.1,75.61,13.95,9.87,19.25,9.54,11.74,0.75,0.46,1.02,0.76,93.77,0
Pocatello Marathon,2023,9/2/23,179,42.8713,-112.4455,5.623529412,5.4,10.4,0.3,57.55,21.53,16.64,27.66,12,16.77,2.91,0.98,4.64,1.88,50.78,0.11
Great New York State Marathon,2023,10/15/23,178,43.0731,-76.131,3.066666667,3.5,4,1.7,89.81,8.1,6.13,11,6.4,7.25,0.41,0.32,0.55,0.58,97.23,6.15
Marathon of the Treasure Coast,2023,3/5/23,177,27.2086,-80.2664,10.65,10.65,11.2,10.1,71.98,24.37,21.74,27.29,18.82,21.59,2.05,1.05,2.86,1.58,35.42,0.02
Surfers Point Marathon,2023,9/10/23,175,34.2805,-119.2941,6.092857143,6,11,-0.5,48.62,25.58,20.12,34.17,12.91,19.24,0.75,0.45,1.17,2.14,54.18,0.01
Potomac River Run Marathon,2023,5/6/23,174,38.9421,-77.1839,6.257142857,5.5,8.5,3.4,62.44,15.83,8.4,21.89,7.86,11.84,0.92,0.27,1.73,1.62,34.79,0
Tallahassee Marathon,2023,2/5/23,174,30.4383,-84.2807,4.9,4.9,5.4,4.4,84.54,12.46,6.45,21.56,9.68,11.07,0.32,0.07,0.95,0.98,68.36,0
BHM26.2,2023,10/1/23,173,33.5186,-86.8104,8.9,10.1,11,5.6,59.23,24.08,16.95,32.49,14.53,19.3,0.12,0.07,0.18,1.66,41.8,0
Famous Idaho Potato Marathon,2023,5/13/23,172,43.615,-116.2023,6.433333333,6.45,8.9,3.1,50.2,17.58,9.15,24.64,5.5,11.54,1.27,0.73,1.9,1.97,17.87,0.03
The Haunted Forest Marathon,2023,10/29/23,172,42.3223,-83.1763,4.105555556,2.65,8.9,1.6,85.73,6.96,3.94,10.22,4.68,5.82,3.13,1.55,4.28,0.38,96.22,5.54
Bakersfield Marathon,2023,3/26/23,169,35.3733,-119.0187,6.87,6.45,9.9,4.9,79.71,4.82,1.37,9.98,1.12,2.97,2.67,0.91,4.86,1.52,20.54,0
Bemidji Blue Ox Marathon,2023,10/14/23,168,47.4736,-94.8803,2.3,2.3,2.4,2.2,76.03,7.02,2.25,12.11,2.65,4.83,2.61,1.17,4,0.48,91.43,0.02
Logan Marathon,2023,9/16/23,168,41.736,-111.8338,8.465594855,7.9,21.8,1.7,42.87,16.86,8.23,26.02,2.44,9.65,0.62,0.19,1.14,1.99,0.6,0
Umstead Trail Marathon,2023,3/4/23,166,35.994,-78.75,3.1,3.1,4.2,2,69.36,13.2,6.52,19.76,7.25,10.22,0.87,0.38,1.24,1.36,0.11,0.15
Mill Race Marathon,2023,9/23/23,165,39.2014,-85.9214,4.990909091,6.4,8.8,0,47.8,18.97,12.34,27.54,6.4,12.69,1.7,0.89,3.07,1.59,22.44,0.02
Athens Marathon (Ohio),2023,4/16/23,164,39.3292,-82.1013,6.1375,5.75,8.2,5,79.26,16.24,7.13,24.87,12.38,14.31,0.15,0.05,0.29,1.01,69.16,5.69
New River Marathon,2023,5/13/23,164,36.221,-81.697,11.76666667,11.8,12.4,11.1,81,20.81,16.16,27.3,16.82,18.81,0.08,0,0.55,1.78,90.6,1.15
Shoreline Marathon,2023,7/16/23,164,34.1975,-119.1771,9.005263158,7.4,18.9,2.7,80.41,18.34,16.74,19.39,14.93,16.63,1.04,0.2,1.47,3.1,40.94,0
Greenbrier River Trail Marathon,2023,10/8/23,163,38.054,-80.459,2.6,2.6,2.6,2.6,61.78,6.32,2.83,11.48,-0.89,2.72,0,0,0,0.85,83.39,0.31
Lake Tahoe Marathon,2023,10/15/23,163,39.0968,-120.0324,3.176190476,3,12.9,0,35.95,13.28,7.15,23.74,-3.02,5.13,1.11,0.78,1.63,1.29,44.03,0
Sehgahunda Trail Marathon,2023,5/20/23,162,42.5854,-77.8742,4.658333333,4.65,6.4,2.8,84.58,12.62,7.61,16.18,10.09,11.35,0.01,0.01,0.01,0.53,95.21,17.26
Washington's Birthday Marathon,2023,2/19/23,159,39.062,-76.933,5.45,5.45,7.2,3.7,77.54,6.53,0.43,13.7,2.36,4.44,3.66,1.49,5.92,0.63,61.01,0
Emerald Isle Marathon,2023,10/28/23,154,34.6771,-76.9507,NA,NA,NA,NA,84.1,22.1,19.78,24.73,19.17,20.63,3.58,2.9,4.18,1.1,1.63,0.01
Gettysburg North-South Marathon,2023,4/30/23,153,39.8309,-77.2311,4.334782609,3.9,7.7,0.7,92.9,12.16,6.93,14.71,11.04,11.6,1.34,0.53,2.38,0.56,99.55,31.72
Mississippi Blues Marathon,2023,2/25/23,153,32.2988,-90.1848,10.65714286,10.5,11.9,8.6,89.63,16.91,12.5,23.13,14.99,15.95,0.67,0.24,1.11,1.08,83.74,0.18
Spokane Series Marathon,2023,10/8/23,153,47.6588,-117.426,3.7,3,5.3,2.8,50.21,17.32,9.02,26.05,6,11.66,1.54,0.16,2.92,0.8,0.28,0
North Country Trail Run,2023,8/26/23,151,43.4086,-85.933,NA,NA,NA,NA,75.25,20.04,13.9,26.06,15.1,17.57,2.25,0.91,3.31,1.69,56.74,1.01
Montana Marathon,2023,5/21/23,149,45.7833,-108.5007,26.7,26.7,26.7,26.7,54.66,20.72,14.27,27.88,10.48,15.6,1.54,0.28,3.09,1.86,42.8,1.94
Gobbler Grind Marathon,2023,11/19/23,148,38.9242,-94.6412,7.777777778,6.6,16.3,4.2,70.75,9.31,5.29,16.66,3.86,6.59,2.75,1.5,4.12,0.12,99.81,5.24
Sleeping Bear Marathon,2023,10/7/23,148,44.8837,-86.0517,2.5,2.5,3.8,1.2,79.04,11.12,10.24,12.11,7.61,9.37,9.33,7.9,10.43,0.6,94.85,3.33
Freedom's Run,2023,10/7/23,147,39.4576,-77.9639,4.154545455,4.4,5.3,2.6,67.5,14.11,8.52,18.32,7.33,10.72,1.01,0.37,1.62,0.96,57.72,9.76
Sun Marathon,2023,1/28/23,147,37.0965,-113.5684,4.276923077,3.7,8.2,2.9,48.66,4.48,0.14,10.54,-5.54,-0.53,1.2,0.77,2.16,0.6,11.21,0
Mississippi River Marathon,2023,2/4/23,145,33.5248,-90.5856,6.575,6.65,8,5,84.8,1.9,-4.64,8.3,-0.69,0.61,1.75,0.97,2.64,0.71,83.97,0.16
Martian Marathon,2023,4/15/23,142,42.3223,-83.1763,16.96388889,13,35.8,6.4,60.62,18.7,11.37,26.41,10.09,14.39,1.07,0.16,2.35,1.45,70.2,0.17
Texas Marathon,2023,1/1/23,142,29.7633,-95.3633,22.175,23.1,33.7,8.4,91,17.48,10.94,24.53,16.59,17.03,1.71,0.95,2.73,0.5,62.28,0.03
Millennium Meadows Marathon,2023,8/27/23,141,42.9634,-85.6681,5.283333333,5.55,7.5,1.2,65.15,17.37,11.57,23.52,10.15,13.76,2.09,0.89,3.36,2.07,1.88,0
Long View Marathon,2023,10/14/23,140,39.5539,-104.9694,3.457480315,3.7,5.1,-2.8,51.94,4.66,-1.86,13.66,-5.27,-0.3,1.4,0.38,3.11,1.21,54.45,0.02
State 47 Marathon,2023,1/7/23,140,35.0844,-106.6504,9.413636364,9.25,23.1,2.8,58.35,2.22,-3.7,9.02,-6.34,-2.06,1.08,0.04,2.55,0.56,2.68,0.03
Skidaway Island Marathon,2023,2/25/23,139,31.9499,-81.0515,16.65,16.65,17.3,16,85.32,20.96,17.66,25.6,18.18,19.57,0.75,0.3,1.15,1.15,47.62,1.27
Nebraska State Fair Marathon,2023,8/26/23,138,40.823,-98.0028,8.088888889,8.05,11.3,5.6,59.11,21.78,17.37,26.95,12.86,17.32,2.87,1.08,4.59,2.19,38.74,7.1
Daufuskie Island Marathon,2023,1/14/23,137,32.1032,-80.8873,NA,NA,NA,NA,69.04,8.48,6.63,10.13,2.98,5.73,8.78,7.52,10.49,0.46,9.95,0.04
Santa Clarita Marathon,2023,11/12/23,137,34.3917,-118.5426,8.18,5.45,16.4,4.4,21.78,15.48,7.38,25.39,-7.83,3.82,2.03,0.85,3.77,0.82,13.03,0
Horse Capital Marathon,2023,4/15/23,136,38.0524,-84.7436,5.075,5.05,7.1,3.1,80.78,18.43,11.95,24.82,14.78,16.6,1.62,1.16,2.4,1.59,43.36,0.84
Spring Chance BQ.2 Marathon,2023,4/15/23,136,41.995,-88.293,10.79166667,10.1,15.6,6.2,77.52,19.62,13.82,26.33,15.09,17.36,3.13,1.45,4.65,1.49,60.38,1.02
Zydeco Marathon,2023,3/12/23,136,30.2241,-92.0198,8.7,8.95,10,7.6,88.32,21.36,13.17,26.48,19.24,20.3,5.01,2.45,6.72,0.94,87.97,0.62
McAllen Marathon,2023,1/21/23,134,26.2034,-98.23,10.9,9.8,16.5,6.7,84.23,18.69,14.42,24.58,15.75,17.22,2.16,0.75,3.22,0.58,76.39,0.11
Towpath Marathon,2023,10/7/23,134,41.2809,-81.5673,4.777777778,5.6,7.1,2.6,77.62,12.07,10.07,14.42,8.1,10.09,6.84,5.77,7.72,0.77,90.52,5.12
Cannonball Marathon,2023,10/14/23,133,36.0726,-79.791,6.7,6.7,7.2,6.2,81.7,18,13.18,23.19,14.67,16.34,1.65,0.13,3.95,0.7,76.84,17.73
Wausau Marathon,2023,8/19/23,132,44.9591,-89.6301,2.15,2.15,3.9,0.4,78.85,21.02,13.49,27.61,17.04,19.03,3.06,1.05,5.27,2.03,21.2,0
SOCAL River Marathon,2023,3/4/23,131,33.9806,-117.3755,4.607142857,2.35,16.4,1.6,83.12,7.45,3.75,12.62,4.41,5.93,2.44,0.55,4.33,0.97,57.12,0.01
Savin Rock Marathon,2023,3/25/23,130,41.2718,-72.947,5.9,5.85,6.6,5.1,91.54,2.3,-1.03,4.65,1.04,1.67,0.55,0.05,0.96,0.25,98.24,6.08
Adirondack Marathon,2023,10/1/23,129,43.7265,-73.4369,27.53333333,28.1,43.3,11.2,86.41,15.25,8.23,22.92,12.93,14.09,0.04,0,0.47,1.12,1.22,0.03
Des Moines St. Paddy's Marathon,2023,3/18/23,129,41.5868,-93.625,4.680733945,4.4,11,-1,59.99,-7.37,-10.47,-3.35,-13.69,-10.53,6.37,3.34,7.54,0.83,80.13,0.09
Hatfield-McCoy Marathon,2023,6/10/23,129,37.6681,-82.2908,26.075,26.1,27.8,24.3,54.29,19.89,10.75,27.79,9.33,14.61,0.08,0,0.46,2.29,39.49,0
Jackson River Scenic Trail Marathon,2023,6/3/23,128,37.7832,-79.998,NA,NA,NA,NA,67.07,20.07,12.96,27.78,13.13,16.6,0.07,0,0.66,1.94,42.97,3.55
Philadelphia Trail Marathon,2023,4/23/23,128,40.0536,-75.2306,5.376470588,5.4,7.4,4.1,69.54,14.06,7.21,19.46,7.92,10.99,2.73,0.28,4.45,1.43,52.37,6.32
Whitefish Marathon,2023,5/20/23,127,48.4117,-114.335,42.2,42.2,61.9,22.5,64.04,19.06,11.14,24.87,11.26,15.16,0.41,0.02,0.86,1.82,53.95,0.27
Ohio River Road Runners Club Marathon,2023,4/2/23,125,39.7589,-84.1916,3.878571429,3.6,6.1,2.9,77.74,5.12,-0.24,11.06,1.24,3.18,2.36,0.83,3.62,1.31,60.84,0.02
Queens Marathon (Fall),2023,11/19/23,124,40.7282,-73.7949,6.35,5.75,8.9,5,71.46,8.54,5.46,12.17,3.56,6.05,4.47,3.52,6.53,0.37,2.89,0
Veterans Marathon,2023,11/11/23,124,41.4469,-85.2622,4.736363636,4.8,6.9,3.2,76.47,3.59,-2.2,10.62,-0.56,1.51,1.21,0.41,1.69,0.48,15.28,0
White River Marathon for Kenya (prev Mountain Home Marathon for Kenya),2023,11/18/23,124,36.332,-92.3813,5.4,5.4,5.4,5.4,51.53,10.09,2.25,17.77,-1,4.55,0.23,0.04,0.7,0.64,0.96,0
Belleville Main Street Marathon,2023,9/30/23,123,38.5201,-89.9839,8.822222222,8.4,14.4,4.5,64.29,24.17,17.97,32.76,16.07,20.12,1.42,0.75,2.53,1.52,10.43,0
Estes Park Marathon,2023,6/18/23,123,40.3772,-105.5217,21.29459459,22.6,38.7,4.9,56.68,12.3,3.93,20.06,3.04,7.67,1.12,0.4,1.49,2.33,74.4,0.09
Apple Tree Marathon,2023,9/17/23,122,45.628,-122.6742,5.56,4.4,8.5,3.6,60.97,16.41,10.21,24.84,6.68,11.55,0.53,0.29,0.84,1.2,91.1,0
Shiprock Marathon,2023,5/6/23,122,36.785,-108.687,11.88,13.85,17.5,3.7,43.92,12.09,3.89,20.31,-1.65,5.22,2.3,0.25,4.91,2.86,7.72,0
Charles River Marathon,2023,9/10/23,121,42.3624,-71.0878,7.5,7.2,8.8,6.7,89.4,22.41,19.72,25.72,20.4,21.4,0.21,0.05,0.37,0.79,97.96,12.16
Rogue Run Marathon,2023,10/14/23,120,42.439,-123.3284,5.294117647,4.4,16.4,2.2,73.77,12.52,6.85,19.53,7.64,10.08,0.34,0.13,0.7,0.61,99.6,0.03
RDC Marathon,2023,10/29/23,119,36.0037,-78.9072,10.9,10.9,11.1,10.7,74.8,19.91,13.81,27.88,14.69,17.3,0.24,0.16,0.46,0.93,5.15,0
Seabrook Lucky Trail Marathon,2023,3/18/23,118,29.563,-95.0255,4.785714286,4.8,5.8,3.9,63.61,10.98,9.01,13.43,4.11,7.54,4.85,2.96,6.2,0.76,98.54,0.52
USA Fit Marathon,2023,1/29/23,118,29.7805,-95.7314,7.181818182,7.2,8.7,5.6,92.95,17.06,8.73,22.81,15.82,16.44,2.18,1.36,3.26,0.44,88.72,33.47
Abebe Bikila Day International Peace Marathon,2023,9/9/23,116,38.9955,-77.0269,7.725,7.95,9.8,4.7,77.52,25.59,22.11,30.86,20.74,23.17,1.37,0.64,2.35,1.46,72.69,8.65
Heart of America Marathon,2023,9/4/23,115,38.9517,-92.3341,8.79,8.45,12.5,6.6,69.73,27.05,22.94,33.13,20.66,23.86,3.04,1.79,4.05,2.03,26.5,0.04
Vernonia Marathon,2023,4/16/23,115,45.859,-123.1865,6.45,6.45,6.6,6.3,93.92,4.91,1.94,7.21,4,4.45,0.12,0.09,0.14,0.57,96.71,13.26
Mesa Falls Marathon,2023,7/15/23,114,44.0058,-111.6843,34.16,44.2,47.3,6.9,42.88,22.1,12.45,29.86,7.23,14.67,1.47,0.17,2.92,2.78,4.13,0
Golden Driller Marathon,2023,4/15/23,113,36.1539,-95.9928,7.021428571,7.1,9.5,3.2,67.39,16.95,8.19,21.17,10.24,13.59,5.25,2.91,7.44,1.08,89.99,0
Lubbock Mayor's Marathon,2023,10/29/23,113,33.5779,-101.8552,7.75,8.65,12.2,1.7,68.25,3.21,0.69,9.34,-2.2,0.5,5.6,5,6.21,0.72,53.41,3.06
Silverton Alpine Marathon,2023,7/8/23,113,37.8114,-107,6.857142857,6.9,8.5,5.3,45.81,13.73,3.63,22.74,-0.39,6.67,2.4,0.74,4.72,3.7,11.05,0.05